{"cameraMode":{"drawMode":0,"name":"Shaded","section":"Shading Mode"},"sceneLighting":true,"audioPlay":false,"sceneViewState":{"showFog":true,"showMaterialUpdate":false,"showSkybox":true,"showFlares":true,"showImageEffects":true,"showParticleSystems":true},"in2DMode":false,"pivot":{"x":-0.00558432936668396,"y":0.9474419355392456,"z":-0.01731085777282715},"rotation":{"x":0.0405711829662323,"y":0.633114218711853,"z":0.03326551616191864,"w":-0.772278368473053},"size":3.19130802154541,"orthographic":false}