{"cameraMode":{"drawMode":0,"name":"Shaded","section":"Shading Mode"},"sceneLighting":true,"audioPlay":false,"sceneViewState":{"showFog":true,"showMaterialUpdate":false,"showSkybox":true,"showFlares":true,"showImageEffects":true,"showParticleSystems":true},"in2DMode":false,"pivot":{"x":1.9388688802719117,"y":1.2800242900848389,"z":-9.965001106262207},"rotation":{"x":-0.19037845730781556,"y":0.257500022649765,"z":-0.051826078444719318,"w":-0.9459195733070374},"size":28.73636245727539,"orthographic":false}